Title,Authors,zbMATH_ID,Keywords,MSCs,Refrences,Full text link
\(W_2\)-recurrent LP-Sasakian manifold.,"('Pokhariyal, G. P.', 'Moindi, S. K.', 'Nzimbi, B. M.')",6234446,"[{'text': 'LP-Sasakian manifold', 'type': 'uncontrolled'}, {'text': '\\(W_2\\)-curvature tensor', 'type': 'uncontrolled'}]","[{'code': '53C15', 'scheme': 'msc2020', 'text': 'General geometric structures on manifolds (almost complex, almost product structures, etc.)'}, {'code': '53C25', 'scheme': 'msc2020', 'text': 'Special Riemannian manifolds (Einstein, Sasakian, etc.)'}]",0,No doi or fulltext link available
A correct algorithm for hinge vertices problem of a permutation graph.,"('Honma, Hirotoshi', 'Nakajima, Yoko', 'Abe, Kodai')",6245974,No keywords available,"[{'code': '68R10', 'scheme': 'msc2020', 'text': 'Graph theory (including graph drawing) in computer science'}, {'code': '05C85', 'scheme': 'msc2020', 'text': 'Graph algorithms (graph-theoretic aspects)'}, {'code': '68W40', 'scheme': 'msc2020', 'text': 'Analysis of algorithms'}]",0,No doi or fulltext link available
A multi-agent based self-adaptive genetic algorithm for the long-term car pooling problem.,"('Guo, Yuhan', 'Goncalves, Gilles', 'Hsu, Tienté')",6211881,"[{'text': 'multi-agent system', 'type': 'uncontrolled'}, {'text': 'genetic algorithm', 'type': 'uncontrolled'}, {'text': 'adaptive algorithm', 'type': 'uncontrolled'}, {'text': 'routing', 'type': 'uncontrolled'}, {'text': 'car pooling problem', 'type': 'uncontrolled'}]","[{'code': '90C35', 'scheme': 'msc2020', 'text': 'Programming involving graphs or networks'}, {'code': '90C59', 'scheme': 'msc2020', 'text': 'Approximation methods and heuristics in mathematical programming'}, {'code': '90B35', 'scheme': 'msc2020', 'text': 'Deterministic scheduling theory in operations research'}, {'code': '90B06', 'scheme': 'msc2020', 'text': 'Transportation, logistics and supply chain management'}, {'code': '90C29', 'scheme': 'msc2020', 'text': 'Multi-objective and goal programming'}]",2,['10.1007/s10852-012-9175-7']
A new application of boundary integral behaviors of harmonic functions to the least harmonic majorant.,"('Han, Minghua', 'Sun, Jianguo', 'Xue, Gaoying')",6806915,"[{'text': 'smooth cone', 'type': 'uncontrolled'}]","[{'code': '35B45', 'scheme': 'msc2020', 'text': 'A priori estimates in context of PDEs'}, {'code': '31B05', 'scheme': 'msc2020', 'text': 'Harmonic, subharmonic, superharmonic functions in higher dimensions'}]",1,['10.1186/s13661-017-0798-5']
A new generalized resolvent and application in Banach mappings.,"('Wang, Xian', 'Chen, Jun-Min', 'He, Zhen')",6492895,"[{'text': 'generalized resolvent', 'type': 'uncontrolled'}, {'text': 'generalized projection', 'type': 'uncontrolled'}, {'text': 'uniformly smooth Banach space', 'type': 'uncontrolled'}, {'text': 'weak nonexpansive mapping', 'type': 'uncontrolled'}, {'text': 'monotone mapping', 'type': 'uncontrolled'}, {'text': 'strong convergence', 'type': 'uncontrolled'}]","[{'code': '47J25', 'scheme': 'msc2020', 'text': 'Iterative procedures involving nonlinear operators'}, {'code': '47H05', 'scheme': 'msc2020', 'text': 'Monotone operators and generalizations'}, {'code': '47H10', 'scheme': 'msc2020', 'text': 'Fixed-point theorems'}]",0,['10.7858/eamj.2014.007']
A perturbation of the Dunkl harmonic oscillator on the line.,"('Álvarez López, Jesús A.', 'Calaza, Manuel', 'Franco, Carlos')",6498750,"[{'text': 'Dunkl harmonic oscillator', 'type': 'uncontrolled'}, {'text': 'perturbation theory', 'type': 'uncontrolled'}]","[{'code': '47A55', 'scheme': 'msc2020', 'text': 'Perturbation theory of linear operators'}, {'code': '47B25', 'scheme': 'msc2020', 'text': 'Linear symmetric and selfadjoint operators (unbounded)'}, {'code': '33C45', 'scheme': 'msc2020', 'text': 'Orthogonal polynomials and functions of hypergeometric type (Jacobi, Laguerre, Hermite, Askey scheme, etc.)'}]",2,['10.3842/SIGMA.2015.059']
Additive-quadratic \(\rho\)-functional inequalities in fuzzy normed spaces.,"('Yun, Sungsik', 'Lee, Jung Rye', 'Shin, Dong Yun')",6644990,"[{'text': 'fuzzy Banach space', 'type': 'uncontrolled'}, {'text': 'additive-quadratic \\(\\rho\\)-functional inequality', 'type': 'uncontrolled'}, {'text': 'Hyers-Ulam stability', 'type': 'uncontrolled'}]","[{'code': '39B82', 'scheme': 'msc2020', 'text': 'Stability, separation, extension, and related topics for functional equations'}, {'code': '39B52', 'scheme': 'msc2020', 'text': 'Functional equations for functions with more general domains and/or ranges'}, {'code': '39B62', 'scheme': 'msc2020', 'text': 'Functional inequalities, including subadditivity, convexity, etc.'}, {'code': '46S40', 'scheme': 'msc2020', 'text': 'Fuzzy functional analysis'}, {'code': '26E50', 'scheme': 'msc2020', 'text': 'Fuzzy real analysis'}]",0,['10.7468/jksmeb.2016.23.3.247']
Alternating group actions on spin 4-manifolds.,"('Li, Hongxia', 'Liu, Ximin')",5361553,"[{'text': 'Betti number', 'type': 'uncontrolled'}, {'text': 'intersection form', 'type': 'uncontrolled'}]","[{'code': '53C27', 'scheme': 'msc2020', 'text': 'Spin and Spin\\({}^c\\) geometry'}]",0,['10.7146/math.scand.a-15051']
An analytical approach to the Klein-Gordon and the Dirac relativistic oscillators in a non-commutative space under a constant magnetic field.,"('Sammelson, Robert Erik', 'Heidari, Alireza', 'Tayyari, Sayyed Faramarz')",5950069,"[{'text': 'plagiarism', 'type': 'uncontrolled'}]","[{'code': '81R60', 'scheme': 'msc2020', 'text': 'Noncommutative geometry in quantum theory'}]",1,['10.1016/j.cnsns.2009.05.033']
An inverse spectral problem for the Sturm-Liouville operator on a three-star graph.,"('Tazehkand, I. Dehghani', 'Akbarfam, A. Jodayree')",6172922,"[{'text': 'Robin boundary conditions', 'type': 'uncontrolled'}, {'text': 'Dirichlet-Dirichlet problem', 'type': 'uncontrolled'}, {'text': 'inverse spectral problem', 'type': 'uncontrolled'}]","[{'code': '34B24', 'scheme': 'msc2020', 'text': 'Sturm-Liouville theory'}, {'code': '34A55', 'scheme': 'msc2020', 'text': 'Inverse problems involving ordinary differential equations'}, {'code': '34B45', 'scheme': 'msc2020', 'text': 'Boundary value problems on graphs and networks for ordinary differential equations'}]",0,['10.5402/2012/132842']
Approximation of harmonic functions in Sobolev spaces.,"('Jiang, Yingchun', 'Wang, Hong')",5556378,No keywords available,"[{'code': '42C15', 'scheme': 'msc2020', 'text': 'General harmonic expansions, frames'}]",0,No doi or fulltext link available
Asymptotic constancy for a differential equation with multiple state-dependent delays.,"('Wang, Wentao', 'Yue, Guangxue', 'Ou, Chunxia')",5612606,"[{'text': 'asymptotic constancy', 'type': 'uncontrolled'}, {'text': 'differential equation', 'type': 'uncontrolled'}, {'text': 'state-dependent delay', 'type': 'uncontrolled'}, {'text': '\\(\\omega \\)-limit set', 'type': 'uncontrolled'}]","[{'code': '34K25', 'scheme': 'msc2020', 'text': 'Asymptotic theory of functional-differential equations'}]",1,['10.1016/j.cam.2009.07.023']
"Bromwich inversion integral in context to non-moment Laplace transform.
  (Bromwich inversioni integral in context to non-moment Laplace transform.)","('Lal, Shobha', 'Saxena, Rajesh')",6177340,No keywords available,"[{'code': '65T50', 'scheme': 'msc2020', 'text': 'Numerical methods for discrete and fast Fourier transforms'}, {'code': '44A10', 'scheme': 'msc2020', 'text': 'Laplace transform'}]",0,No doi or fulltext link available
Centers in inserted graphs.,"('Pramanik, L. K.',)",5259240,No keywords available,"[{'code': '05C12', 'scheme': 'msc2020', 'text': 'Distance in graphs'}]",0,['10.2298/FIL0702021P']
Central sets theorem near zero.,"('Bayatmanesh, E.', 'Tootkaboni, M. Akbari')",6946123,"[{'text': 'central sets theorem', 'type': 'uncontrolled'}, {'text': 'Stone-Čech compactification', 'type': 'uncontrolled'}, {'text': '\\(C\\)-set', 'type': 'uncontrolled'}, {'text': '\\(J\\)-set', 'type': 'uncontrolled'}, {'text': 'piecewise syndetic set near zero', 'type': 'uncontrolled'}]","[{'code': '54D35', 'scheme': 'msc2020', 'text': 'Extensions of spaces (compactifications, supercompactifications, completions, etc.)'}, {'code': '22A15', 'scheme': 'msc2020', 'text': 'Structure of topological semigroups'}, {'code': '05D10', 'scheme': 'msc2020', 'text': 'Ramsey theory'}, {'code': '54D80', 'scheme': 'msc2020', 'text': 'Special constructions of topological spaces (spaces of ultrafilters, etc.)'}]",0,['10.1016/j.topol.2018.03.002']
Combined location-inventory optimization of deteriorating products supply chain based on CQMIP under stochastic environment.,"('Wang, Yong Ming', 'Yin, Hong Li')",7019571,No keywords available,"[{'code': '90B05', 'scheme': 'msc2020', 'text': 'Inventory, storage, reservoirs'}, {'code': '90B80', 'scheme': 'msc2020', 'text': 'Discrete location and assignment'}, {'code': '90B06', 'scheme': 'msc2020', 'text': 'Transportation, logistics and supply chain management'}]",1,['10.1155/2018/8210254']
Computationally testable conditions for excitability and transparency of a class of time-delay systems with point delays.,"('De la Sen, M.',)",5556250,No keywords available,"[{'code': '34K35', 'scheme': 'msc2020', 'text': 'Control problems for functional-differential equations'}, {'code': '34K06', 'scheme': 'msc2020', 'text': 'Linear functional-differential equations'}, {'code': '93C23', 'scheme': 'msc2020', 'text': 'Control/observation systems governed by functional-differential equations'}]",0,No doi or fulltext link available
Ding projective modules with respect to a semidualizing module.,"('Huang, Chaoling', 'Zhong, Peihua')",6749236,"[{'text': 'semidualizing', 'type': 'uncontrolled'}, {'text': '\\(D_C\\)-projective module', 'type': 'uncontrolled'}, {'text': '\\(C\\)-projective module', 'type': 'uncontrolled'}]","[{'code': '16E10', 'scheme': 'msc2020', 'text': 'Homological dimension in associative algebras'}, {'code': '16E65', 'scheme': 'msc2020', 'text': 'Homological conditions on associative rings (generalizations of regular, Gorenstein, Cohen-Macaulay rings, etc.)'}, {'code': '13D05', 'scheme': 'msc2020', 'text': 'Homological dimension and commutative rings'}, {'code': '13C10', 'scheme': 'msc2020', 'text': 'Projective and free modules and ideals in commutative rings'}, {'code': '13C11', 'scheme': 'msc2020', 'text': 'Injective and flat modules and ideals in commutative rings'}]",0,No doi or fulltext link available
Dissipative control system for the stochastic \(H^{\infty}\) problems.,"('Zhou, Yong', 'Hou, Zhengmei', 'Liu, Sanyang')",5257439,"[{'text': 'Hamilton-Jacobi-Bellman equation', 'type': 'uncontrolled'}, {'text': 'stochastic \\(H^\\infty\\) control', 'type': 'uncontrolled'}, {'text': 'generalized Gaussian solutions', 'type': 'uncontrolled'}, {'text': 'viscosity solutions', 'type': 'uncontrolled'}]","[{'code': '93E20', 'scheme': 'msc2020', 'text': 'Optimal stochastic control'}, {'code': '93C15', 'scheme': 'msc2020', 'text': 'Control/observation systems governed by ordinary differential equations'}, {'code': '60K05', 'scheme': 'msc2020', 'text': 'Renewal theory'}]",0,No doi or fulltext link available
Divisors of the canonical resolutions of some singularities.,"('Alexiou, D.', 'Alwadi, Youssef')",5252074,No keywords available,"[{'code': '14E15', 'scheme': 'msc2020', 'text': 'Global theory and resolution of singularities (algebro-geometric aspects)'}, {'code': '14J30', 'scheme': 'msc2020', 'text': '\\(3\\)-folds'}, {'code': '14B05', 'scheme': 'msc2020', 'text': 'Singularities in algebraic geometry'}, {'code': '14C22', 'scheme': 'msc2020', 'text': 'Picard groups'}, {'code': '14G15', 'scheme': 'msc2020', 'text': 'Finite ground fields in algebraic geometry'}]",0,No doi or fulltext link available
Erratum: Energy-momentum in the viscous Kasner-type universe in teleparallel gravity.,"('Salti, Mustafa',)",5292895,No keywords available,"[{'code': '83D05', 'scheme': 'msc2020', 'text': ""Relativistic gravitational theories other than Einstein's, including asymmetric field theories"", 'text_mathjax': 'Relativistic gravitational theories other than Einstein&rsquo;s, including asymmetric field theories'}, {'code': '83F05', 'scheme': 'msc2020', 'text': 'Relativistic cosmology'}, {'code': '83C40', 'scheme': 'msc2020', 'text': 'Gravitational energy and conservation laws; groups of motions'}]",1,['10.1007/s10509-008-9737-3']
Existence of solutions for some degenerate quasilinear elliptic equations.,"('Cavalheiro, Albo Carlos',)",5693750,"[{'text': 'degenerate quasilinear equations', 'type': 'uncontrolled'}, {'text': 'weighted Sobolev spaces', 'type': 'uncontrolled'}]","[{'code': '35J70', 'scheme': 'msc2020', 'text': 'Degenerate elliptic equations'}, {'code': '35J62', 'scheme': 'msc2020', 'text': 'Quasilinear elliptic equations'}, {'code': '35D30', 'scheme': 'msc2020', 'text': 'Weak solutions to PDEs'}]",1,No doi or fulltext link available
Existence of solutions of systems of generalized implicit vector quasi-equilibrium problems in \(G\)-convex spaces.,"('Plubtieng, Somyot', 'Thammathiwat, Tipphawan')",5989154,"[{'text': 'systems of generalized implicit vector quasi-equilibrium problems', 'type': 'uncontrolled'}, {'text': 'existence results', 'type': 'uncontrolled'}, {'text': 'generalized pseudomonotonicity', 'type': 'uncontrolled'}, {'text': '\\(G\\)-convex space', 'type': 'uncontrolled'}]","[{'code': '47J22', 'scheme': 'msc2020', 'text': 'Variational and other types of inclusions'}, {'code': '47H10', 'scheme': 'msc2020', 'text': 'Fixed-point theorems'}]",2,['10.1016/j.camwa.2011.04.059']
Extremal surface with the light-like line in Minkowski space \(\mathbb{R}^{1+(1+1)}\).,"('Gao, Ruihua', 'Wang, Faxing', 'Zhang, Xiaodan', 'Wang, Yuguang')",6708565,"[{'text': 'classical solution', 'type': 'uncontrolled'}, {'text': 'extremal surface', 'type': 'uncontrolled'}, {'text': 'mixed type equation', 'type': 'uncontrolled'}]","[{'code': '53A10', 'scheme': 'msc2020', 'text': 'Minimal surfaces in differential geometry, surfaces with prescribed mean curvature'}, {'code': '35M10', 'scheme': 'msc2020', 'text': 'PDEs of mixed type'}, {'code': '35B65', 'scheme': 'msc2020', 'text': 'Smoothness and regularity of solutions to PDEs'}]",0,['10.1186/s13661-017-0786-9']
Forced perturbed Korteweg-de Vries equation in an elastic tube filled with a viscous fluid.,"('Tay, Kim Gaik', 'Ong, Cheetiong', 'Mohamad, Mohd. Nor')",5900110,"[{'text': 'solitary waves', 'type': 'uncontrolled'}, {'text': 'elastic tubes with stenosis', 'type': 'uncontrolled'}]","[{'code': '35Q53', 'scheme': 'msc2020', 'text': 'KdV equations (Korteweg-de Vries equations)'}, {'code': '76D33', 'scheme': 'msc2020', 'text': 'Waves for incompressible viscous fluids'}, {'code': '76Z05', 'scheme': 'msc2020', 'text': 'Physiological flows'}]",2,['10.1016/j.ijengsci.2007.03.017']
Fuzzification of ideals and filters in \(\Gamma\)-semigroups.,"('Iampan, A.',)",6257809,"[{'text': 'fuzzy ideals', 'type': 'uncontrolled'}, {'text': 'fuzzy filters', 'type': 'uncontrolled'}, {'text': 'characteristic mappings', 'type': 'uncontrolled'}, {'text': '\\(\\Gamma\\)-semigroups', 'type': 'uncontrolled'}]","[{'code': '20N25', 'scheme': 'msc2020', 'text': 'Fuzzy groups'}, {'code': '20M99', 'scheme': 'msc2020', 'text': 'Semigroups'}]",0,No doi or fulltext link available
Generation of topological chaos in Stokes flow in a rectangular cavity.,"('Meleshko, V. V.', 'Kurylko, O. B.', 'Gourzhyi, A. A.')",6155779,"[{'text': 'advection equation', 'type': 'uncontrolled'}, {'text': 'construction of analytical solution', 'type': 'uncontrolled'}, {'text': 'topological chaos', 'type': 'uncontrolled'}]","[{'code': '76B99', 'scheme': 'msc2020', 'text': 'Incompressible inviscid fluids'}, {'code': '76D05', 'scheme': 'msc2020', 'text': 'Navier-Stokes equations for incompressible viscous fluids'}]",0,['10.1007/s10958-012-0968-z']
Global strong solution to the three-dimensional stochastic incompressible magnetohydrodynamic equations.,"('Tan, Zhong', 'Wang, Dehua', 'Wang, Huaqiao')",6618531,"[{'text': 'existence', 'type': 'uncontrolled'}, {'text': 'uniqueness', 'type': 'uncontrolled'}, {'text': 'multiplicative noise', 'type': 'uncontrolled'}, {'text': 'global existence in probability', 'type': 'uncontrolled'}]","[{'code': '35Q35', 'scheme': 'msc2020', 'text': 'PDEs in connection with fluid mechanics'}, {'code': '76N10', 'scheme': 'msc2020', 'text': 'Existence, uniqueness, and regularity theory for compressible fluids and gas dynamics'}, {'code': '76W05', 'scheme': 'msc2020', 'text': 'Magnetohydrodynamics and electrohydrodynamics'}, {'code': '35R60', 'scheme': 'msc2020', 'text': 'PDEs with randomness, stochastic partial differential equations'}]",4,['10.1007/s00208-015-1296-7']
Growth of polynomials with prescribed zeros.,"('Pukhta, M. S.',)",6145523,"[{'text': 'extremal problems', 'type': 'uncontrolled'}, {'text': 'polynomial', 'type': 'uncontrolled'}, {'text': 'Zygmund inequality', 'type': 'uncontrolled'}, {'text': 'zeros', 'type': 'uncontrolled'}]","[{'code': '30A10', 'scheme': 'msc2020', 'text': 'Inequalities in the complex plane'}, {'code': '30C10', 'scheme': 'msc2020', 'text': 'Polynomials and rational functions of one complex variable'}, {'code': '30C15', 'scheme': 'msc2020', 'text': 'Zeros of polynomials, rational functions, and other analytic functions of one complex variable (e.g., zeros of functions with bounded Dirichlet integral)'}]",0,['10.1134/S1995080212020102']
Lightlike hypersurfaces in semi-Riemannian manifold with semi-symmetric non-metric connection.,"('Yaşar, Erol', 'Çöken, A. Ceylan', 'Yücesan, Ahmet')",5361563,No keywords available,"[{'code': '53C40', 'scheme': 'msc2020', 'text': 'Global submanifolds'}, {'code': '53C50', 'scheme': 'msc2020', 'text': 'Global differential geometry of Lorentz manifolds, manifolds with indefinite metrics'}]",3,['10.7146/math.scand.a-15061']
Lightlike hypersurfaces of a semi-Riemannian manifold with a semi-symmetric metric connection.,"('Yaşar, Erol', 'Çöken, A. Ceylan', 'Yücesan, Ahmet')",5866684,No keywords available,"[{'code': '53C50', 'scheme': 'msc2020', 'text': 'Global differential geometry of Lorentz manifolds, manifolds with indefinite metrics'}, {'code': '53B15', 'scheme': 'msc2020', 'text': 'Other connections'}, {'code': '53C40', 'scheme': 'msc2020', 'text': 'Global submanifolds'}]",0,No doi or fulltext link available
Maximum principles for problems of general parabolic partial differential equations.,"('Almahameed, M.',)",5947860,No keywords available,"[{'code': '65M12', 'scheme': 'msc2020', 'text': 'Stability and convergence of numerical methods for initial value and initial-boundary value problems involving PDEs'}, {'code': '35B05', 'scheme': 'msc2020', 'text': 'Oscillation, zeros of solutions, mean value theorems, etc. in context of PDEs'}, {'code': '35K20', 'scheme': 'msc2020', 'text': 'Initial-boundary value problems for second-order parabolic equations'}, {'code': '65M60', 'scheme': 'msc2020', 'text': 'Finite element, Rayleigh-Ritz and Galerkin methods for initial value and initial-boundary value problems involving PDEs'}]",0,No doi or fulltext link available
Mixed monotone iterative technique for damped elastic systems in Banach spaces.,"('Gou, Haide', 'Li, Yongxiang')",7205154,"[{'text': 'damped elastic systems', 'type': 'uncontrolled'}, {'text': 'mild solution', 'type': 'uncontrolled'}, {'text': 'lower and upper \\(L\\)-quasi-solutions', 'type': 'uncontrolled'}, {'text': 'measure of noncompactness', 'type': 'uncontrolled'}]","[{'code': '34G20', 'scheme': 'msc2020', 'text': 'Nonlinear differential equations in abstract spaces'}, {'code': '34A45', 'scheme': 'msc2020', 'text': 'Theoretical approximation of solutions to ordinary differential equations'}, {'code': '47N20', 'scheme': 'msc2020', 'text': 'Applications of operator theory to differential and integral equations'}]",0,['10.1007/s11868-019-00296-0']
Multi-sublinear maximal operator and multilinear singular integral operators on generalized Morrey spaces.,"('Guliyev, Vagif S.', 'Ismayilova, Afag F.')",6863687,"[{'text': 'multi-sublinear operator', 'type': 'uncontrolled'}, {'text': 'generalized Morrey space', 'type': 'uncontrolled'}, {'text': 'multilinear Calderón-Zygmund operator', 'type': 'uncontrolled'}]","[{'code': '42B20', 'scheme': 'msc2020', 'text': 'Singular and oscillatory integrals (Calderón-Zygmund, etc.)'}, {'code': '42B25', 'scheme': 'msc2020', 'text': 'Maximal functions, Littlewood-Paley theory'}, {'code': '42B35', 'scheme': 'msc2020', 'text': 'Function spaces arising in harmonic analysis'}]",0,No doi or fulltext link available
New norm inequalities of Čebyšev type for power series in Banach algebras.,"('Dragomir, S. S.', 'Boldea, M. V.', 'Megan, M.')",6544794,"[{'text': 'Banach algebras', 'type': 'uncontrolled'}, {'text': 'power series', 'type': 'uncontrolled'}, {'text': 'exponential function', 'type': 'uncontrolled'}, {'text': 'resolvent function', 'type': 'uncontrolled'}, {'text': 'norm inequalities', 'type': 'uncontrolled'}]","[{'code': '47A63', 'scheme': 'msc2020', 'text': 'Linear operator inequalities'}, {'code': '47A99', 'scheme': 'msc2020', 'text': 'General theory of linear operators'}]",2,['10.5644/SJM.11.2.11']
Noncommutative Grassmannian \(U(1)\) sigma model and a Bargmann-Fock space.,"('Komlov, Aleksandr V.',)",5346134,"[{'text': 'noncommutative \\(U(1)\\) sigma model', 'type': 'uncontrolled'}, {'text': 'Bargmann-Fock space', 'type': 'uncontrolled'}]","[{'code': '81R60', 'scheme': 'msc2020', 'text': 'Noncommutative geometry in quantum theory'}, {'code': '58B34', 'scheme': 'msc2020', 'text': 'Noncommutative geometry (à la Connes)'}, {'code': '81S05', 'scheme': 'msc2020', 'text': 'Commutation relations and statistics as related to quantum mechanics (general)'}]",1,['10.1007/s11232-007-0136-7']
On a class of nonlinear problems involving a \(p(x)\)-Laplace type operator.,"('Mihăilescu, Mihai',)",5551500,"[{'text': '\\(p(x)\\)-Laplace operator', 'type': 'uncontrolled'}, {'text': 'generalized Lebesgue-Sobolev space', 'type': 'uncontrolled'}, {'text': 'critical point', 'type': 'uncontrolled'}, {'text': 'weak solution', 'type': 'uncontrolled'}, {'text': 'electrorheological fluid', 'type': 'uncontrolled'}]","[{'code': '35D05', 'scheme': 'msc2000', 'text': 'Existence of generalized solutions of PDE'}, {'code': '35J60', 'scheme': 'msc2020', 'text': 'Nonlinear elliptic equations'}, {'code': '35J70', 'scheme': 'msc2020', 'text': 'Degenerate elliptic equations'}, {'code': '58E05', 'scheme': 'msc2020', 'text': ""Abstract critical point theory (Morse theory, Lyusternik-Shnirel'man theory, etc.) in infinite-dimensional spaces"", 'text_mathjax': 'Abstract critical point theory (Morse theory, Lyusternik-Shnirel&rsquo;man theory, etc.) in infinite-dimensional spaces'}]",9,['10.1007/s10587-008-0011-1']
On certain results involving mock theta functions.,"('Singh, Satya Prakash', 'Mishra, Bindu Prakash')",6755849,"[{'text': 'mock theta function', 'type': 'uncontrolled'}, {'text': 'partial mock theta function', 'type': 'uncontrolled'}, {'text': 'complete mock theta function', 'type': 'uncontrolled'}, {'text': 'identity', 'type': 'uncontrolled'}, {'text': 'summation formula', 'type': 'uncontrolled'}, {'text': 'truncated basic hypergeometric series', 'type': 'uncontrolled'}]","[{'code': '33D90', 'scheme': 'msc2020', 'text': 'Applications of basic hypergeometric functions'}, {'code': '11A55', 'scheme': 'msc2020', 'text': 'Continued fractions'}, {'code': '11F20', 'scheme': 'msc2020', 'text': 'Dedekind eta function, Dedekind sums'}]",0,No doi or fulltext link available
On eigenstructure of \(q\)-Bernstein operators.,"('Naaz, Ambreen', 'Mursaleen, M.')",7299668,"[{'text': 'Bernstein operator', 'type': 'uncontrolled'}, {'text': 'upper-triangular matrix', 'type': 'uncontrolled'}, {'text': 'eigenvalues', 'type': 'uncontrolled'}, {'text': 'total positivity properties', 'type': 'uncontrolled'}]","[{'code': '65F15', 'scheme': 'msc2020', 'text': 'Numerical computation of eigenvalues and eigenvectors of matrices'}, {'code': '15A18', 'scheme': 'msc2020', 'text': 'Eigenvalues, singular values, and eigenvectors'}]",0,['10.1007/s13324-020-00443-7']
On graded distributive modules.,"('Zamani, N.',)",5488729,"[{'text': 'graded distributive module, commutative ring', 'type': 'uncontrolled'}, {'text': 'Krull associated primes', 'type': 'uncontrolled'}, {'text': 'distributive lattice', 'type': 'uncontrolled'}, {'text': 'prime ideal', 'type': 'uncontrolled'}, {'text': 'quasilocal ring', 'type': 'uncontrolled'}]","[{'code': '13A02', 'scheme': 'msc2020', 'text': 'Graded rings'}]",0,['10.1134/S0001434608030218']
On the class of positive almost weak\(^*\) Dunford-Pettis operators.,"('Retbi, Abderrahman',)",6486998,"[{'text': 'almost weak\\(^*\\) Dunford-Pettis operator', 'type': 'uncontrolled'}, {'text': 'almost Dunford-Pettis operator', 'type': 'uncontrolled'}, {'text': 'weak Dunford-Pettis\\(^*\\) property', 'type': 'uncontrolled'}, {'text': 'positive Schur property', 'type': 'uncontrolled'}, {'text': 'order continuous norm', 'type': 'uncontrolled'}]","[{'code': '46B42', 'scheme': 'msc2020', 'text': 'Banach lattices'}, {'code': '47B60', 'scheme': 'msc2020', 'text': 'Linear operators on ordered spaces'}, {'code': '47B65', 'scheme': 'msc2020', 'text': 'Positive linear operators and order-bounded operators'}, {'code': '47B07', 'scheme': 'msc2020', 'text': 'Linear operators defined by compactness properties'}]",0,['10.14712/1213-7243.2015.128']
On the positive correlations in Wiener space via fractional calculus.,"('Guendouzi, Toufik',)",5990033,No keywords available,"[{'code': '60E15', 'scheme': 'msc2020', 'text': 'Inequalities; stochastic orderings'}, {'code': '60H07', 'scheme': 'msc2020', 'text': 'Stochastic calculus of variations and the Malliavin calculus'}, {'code': '60G22', 'scheme': 'msc2020', 'text': 'Fractional processes, including fractional Brownian motion'}]",0,No doi or fulltext link available
On the socles of commutator invariant submodules of \(QTAG\)-modules.,"('Hasan, Ayazul',)",7009674,"[{'text': '\\(QTAG\\)-modules', 'type': 'uncontrolled'}, {'text': 'commutator invariant submodules', 'type': 'uncontrolled'}, {'text': 'socles', 'type': 'uncontrolled'}, {'text': 'commutator socle-regular \\(QTAG\\)-modules', 'type': 'uncontrolled'}]","[{'code': '16D80', 'scheme': 'msc2020', 'text': 'Other classes of modules and ideals in associative algebras'}, {'code': '13C12', 'scheme': 'msc2020', 'text': 'Torsion modules and ideals in commutative rings'}]",0,No doi or fulltext link available
On the uniqueness of the coincidence index for mappings of \(\mathbb R^m\).,"('Taleshian, A.', 'Mirghasemi, S. M.')",5759615,No keywords available,"[{'code': '55M20', 'scheme': 'msc2020', 'text': 'Fixed points and coincidences in algebraic topology'}]",0,No doi or fulltext link available
Optimal partial regularity of second-order parabolic systems under natural growth condition.,"('Chen, Shuhong', 'Tan, Zhong')",6316408,"[{'text': 'nonlinear parabolic systems', 'type': 'uncontrolled'}, {'text': '\\(A\\)-caloric approximation', 'type': 'uncontrolled'}]","[{'code': '35B65', 'scheme': 'msc2020', 'text': 'Smoothness and regularity of solutions to PDEs'}, {'code': '35K40', 'scheme': 'msc2020', 'text': 'Second-order parabolic systems'}, {'code': '35D30', 'scheme': 'msc2020', 'text': 'Weak solutions to PDEs'}]",2,['10.1186/1687-2770-2013-152']
Poles of tritronquée solution to the Painlevé I equation and cubic anharmonic oscillator.,"('Novokshenov, V. Yu.',)",5836808,"[{'text': 'Painlevé equation', 'type': 'uncontrolled'}, {'text': 'special function', 'type': 'uncontrolled'}, {'text': 'distribution of poles', 'type': 'uncontrolled'}, {'text': 'Riemann-Hilbert problem', 'type': 'uncontrolled'}, {'text': 'WKB approximation', 'type': 'uncontrolled'}, {'text': 'Bohr-Sommerfeld quantization', 'type': 'uncontrolled'}, {'text': 'complex cubic potential', 'type': 'uncontrolled'}]","[{'code': '34M55', 'scheme': 'msc2020', 'text': 'Painlevé and other special ordinary differential equations in the complex domain; classification, hierarchies'}, {'code': '34M60', 'scheme': 'msc2020', 'text': 'Singular perturbation problems for ordinary differential equations in the complex domain (complex WKB, turning points, steepest descent)'}, {'code': '34M50', 'scheme': 'msc2020', 'text': 'Inverse problems (Riemann-Hilbert, inverse differential Galois, etc.) for ordinary differential equations in the complex domain'}]",3,['10.1134/S1560354710020243']
Positive solutions for the initial value problems of fractional evolution equation.,"('Liang, Yue', 'Ma, Yu', 'Gao, Xiaoyan')",6281093,No keywords available,"[{'code': '35R11', 'scheme': 'msc2020', 'text': 'Fractional partial differential equations'}, {'code': '34A08', 'scheme': 'msc2020', 'text': 'Fractional ordinary differential equations'}, {'code': '34G20', 'scheme': 'msc2020', 'text': 'Nonlinear differential equations in abstract spaces'}, {'code': '35B09', 'scheme': 'msc2020', 'text': 'Positive solutions to PDEs'}]",0,['10.1155/2013/781404']
Pricing currency options based on fuzzy techniques.,"('Liu, Fan-Yong',)",5376965,"[{'text': 'finance', 'type': 'uncontrolled'}, {'text': 'pricing', 'type': 'uncontrolled'}, {'text': 'fuzzy sets', 'type': 'uncontrolled'}, {'text': 'currency options', 'type': 'uncontrolled'}]","[{'code': '91G20', 'scheme': 'msc2020', 'text': 'Derivative securities (option pricing, hedging, etc.)'}, {'code': '90C70', 'scheme': 'msc2020', 'text': 'Fuzzy and other nonstochastic uncertainty mathematical programming'}]",2,['10.1016/j.ejor.2007.10.059']
Quasi-isomorphism and some quasi-isomorphic invariants of QTAG-modules.,"('Mehdi, A.', 'Abbasi, M. Y.', 'Sirohi, A.')",5686618,"[{'text': 'quasi-isomorphism invariants', 'type': 'uncontrolled'}, {'text': 'cobounded submodules', 'type': 'uncontrolled'}, {'text': 'QTAG-modules', 'type': 'uncontrolled'}, {'text': 'basic submodules', 'type': 'uncontrolled'}, {'text': 'finitely generated submodules', 'type': 'uncontrolled'}, {'text': 'direct sums of uniserial modules', 'type': 'uncontrolled'}]","[{'code': '16D80', 'scheme': 'msc2020', 'text': 'Other classes of modules and ideals in associative algebras'}]",1,['10.1080/00927870902829072']
Relativistic tunneling and accelerated transmission.,"('Bernardini, A. E.',)",5285841,No keywords available,"[{'code': '81Q05', 'scheme': 'msc2020', 'text': 'Closed and approximate solutions to the Schrödinger, Dirac, Klein-Gordon and other equations of quantum mechanics'}]",0,['10.1088/1751-8113/41/21/215302']
Retracted article: Jacobi spectral solution for integral algebraic equations of index 1.,"('Zhao, Jingjun', 'Wang, Shiying')",6408903,"[{'text': 'integral algebraic equations', 'type': 'uncontrolled'}, {'text': 'Jacobi collocation method', 'type': 'uncontrolled'}, {'text': 'system of Volterra equations', 'type': 'uncontrolled'}, {'text': 'error analysis', 'type': 'uncontrolled'}, {'text': 'index 1', 'type': 'uncontrolled'}, {'text': 'convergence', 'type': 'uncontrolled'}, {'text': 'numerical experiment', 'type': 'uncontrolled'}]","[{'code': '65R20', 'scheme': 'msc2020', 'text': 'Numerical methods for integral equations'}, {'code': '45F15', 'scheme': 'msc2020', 'text': 'Systems of singular linear integral equations'}, {'code': '45D05', 'scheme': 'msc2020', 'text': 'Volterra integral equations'}]",1,['10.1186/1029-242X-2014-156']
Retracted Article: Landesman-Lazer type condition for second-order differential equations at resonance with impulsive effects.,"('Li, Jin', 'Zheng, Meilin')",6968661,"[{'text': 'impulsive differential equations', 'type': 'uncontrolled'}, {'text': 'Landesman-Lazer type condition', 'type': 'uncontrolled'}, {'text': 'variational method', 'type': 'uncontrolled'}]","[{'code': '34B37', 'scheme': 'msc2020', 'text': 'Boundary value problems with impulses for ordinary differential equations'}, {'code': '34C25', 'scheme': 'msc2020', 'text': 'Periodic solutions to ordinary differential equations'}]",2,['10.1186/1687-1847-2014-235']
Retracted: A note on quasi-essential submodule of QTAG-module.,"('Zubair Khan, M.', 'Varshney, G.')",6133009,"[{'text': 'QTAG-modules', 'type': 'uncontrolled'}, {'text': 'centers of purity', 'type': 'uncontrolled'}, {'text': 'quasi-essential submodules', 'type': 'uncontrolled'}, {'text': 'pure submodules', 'type': 'uncontrolled'}, {'text': 'complement submodules', 'type': 'uncontrolled'}]","[{'code': '16D80', 'scheme': 'msc2020', 'text': 'Other classes of modules and ideals in associative algebras'}, {'code': '16D70', 'scheme': 'msc2020', 'text': 'Structure and classification for modules, bimodules and ideals (except as in 16Gxx), direct sum decomposition and cancellation in associative algebras)'}]",0,No doi or fulltext link available
RETRACTED: A remark on the Dirichlet problem in a half-plane.,"('Zhao, Tao', 'Yamada, Alexander')",6560342,"[{'text': 'harmonic function', 'type': 'uncontrolled'}, {'text': 'Dirichlet problem', 'type': 'uncontrolled'}, {'text': 'half-plane', 'type': 'uncontrolled'}]","[{'code': '35J25', 'scheme': 'msc2020', 'text': 'Boundary value problems for second-order elliptic equations'}, {'code': '31A05', 'scheme': 'msc2020', 'text': 'Harmonic, subharmonic, superharmonic functions in two dimensions'}]",3,['10.1186/1029-242X-2014-497']
Retracted: Cascade controller design and stability analysis in FES-aided upper arm stroke rehabilitation robotic system.,"('Xu, Wenkang', 'Cai, Chenxiao', 'Zou, Yun')",6478899,"[{'text': 'cascade control', 'type': 'uncontrolled'}, {'text': 'iterative learning control', 'type': 'uncontrolled'}, {'text': 'stroke rehabilitation', 'type': 'uncontrolled'}, {'text': 'exoskeleton robot', 'type': 'uncontrolled'}, {'text': 'internal stability', 'type': 'uncontrolled'}]","[{'code': '92C50', 'scheme': 'msc2020', 'text': 'Medical applications (general)'}, {'code': '93C10', 'scheme': 'msc2020', 'text': 'Nonlinear systems in control theory'}, {'code': '93C15', 'scheme': 'msc2020', 'text': 'Control/observation systems governed by ordinary differential equations'}, {'code': '93C85', 'scheme': 'msc2020', 'text': 'Automated systems (robots, etc.) in control theory'}, {'code': '70B15', 'scheme': 'msc2020', 'text': 'Kinematics of mechanisms and robots'}]",0,['10.1007/s11071-014-1726-1']
RETRACTED: Evaporation screening and shielding in accelerating and rotating black holes.,"('Gillani, Usman A.', 'Saifullah, Khalid')",7286564,No keywords available,"[{'code': '83C57', 'scheme': 'msc2020', 'text': 'Black holes'}]",0,['10.1016/j.aop.2020.168249']
Retracted: Fixed point theorems for solutions of the stationary Schrödinger equation on cones.,"('Xue, Gaixian', 'Yuzbasi, Eve')",6418556,"[{'text': 'stationary Schrödinger equation', 'type': 'uncontrolled'}, {'text': 'Poisson-Sch integral', 'type': 'uncontrolled'}, {'text': 'cone', 'type': 'uncontrolled'}]","[{'code': '47N20', 'scheme': 'msc2020', 'text': 'Applications of operator theory to differential and integral equations'}, {'code': '47H10', 'scheme': 'msc2020', 'text': 'Fixed-point theorems'}, {'code': '35J10', 'scheme': 'msc2020', 'text': 'Schrödinger operator, Schrödinger equation'}]",6,['10.1186/s13663-015-0275-8']
Retracted: Matlab simulation of photon propagation in three-layer tissue.,"('Kurnatova, Julia', 'Jurovata, Dominika', 'Vazan, Pavel', 'Husar, Peter')",6492326,No keywords available,"[{'code': '93C95', 'scheme': 'msc2020', 'text': 'Application models in control theory'}, {'code': '93C40', 'scheme': 'msc2020', 'text': 'Adaptive control/observation systems'}]",0,['10.1007/978-3-319-01857-7_40']
Retracted: Normal families and asymptotic behaviors for solutions of certain Laplace equations.,"('Yan, Zhenhai', 'Ychussie, Beatriz')",6981519,"[{'text': 'asymptotic behavior', 'type': 'uncontrolled'}, {'text': 'Laplace equation', 'type': 'uncontrolled'}, {'text': 'normal family', 'type': 'uncontrolled'}]","[{'code': '30D45', 'scheme': 'msc2020', 'text': 'Normal functions of one complex variable, normal families'}, {'code': '35J10', 'scheme': 'msc2020', 'text': 'Schrödinger operator, Schrödinger equation'}, {'code': '35J08', 'scheme': 'msc2020', 'text': ""Green's functions for elliptic equations"", 'text_mathjax': 'Green&rsquo;s functions for elliptic equations'}]",3,['10.1186/s13662-015-0564-x']
Retracted: On \(h\)-purifiable submodule of QTAG-module.,"('Varshney, Gargi', 'Khan, M. Z.')",6132990,"[{'text': 'QTAG-modules', 'type': 'uncontrolled'}, {'text': 'direct sums of uniserial modules', 'type': 'uncontrolled'}, {'text': 'pure submodules', 'type': 'uncontrolled'}, {'text': 'kernels of purity', 'type': 'uncontrolled'}, {'text': 'pure hulls', 'type': 'uncontrolled'}, {'text': 'almost dense submodules', 'type': 'uncontrolled'}, {'text': 'neat submodules', 'type': 'uncontrolled'}]","[{'code': '16D80', 'scheme': 'msc2020', 'text': 'Other classes of modules and ideals in associative algebras'}, {'code': '16D70', 'scheme': 'msc2020', 'text': 'Structure and classification for modules, bimodules and ideals (except as in 16Gxx), direct sum decomposition and cancellation in associative algebras)'}]",0,No doi or fulltext link available
Retracted: On almost locally \(h\)-pure QTAG-modules.,"('Varshney, Gargi', 'Khan, M. Z.')",6051001,"[{'text': 'QTAG-modules', 'type': 'uncontrolled'}, {'text': 'heights', 'type': 'uncontrolled'}, {'text': '\\(h\\)-pure submodules', 'type': 'uncontrolled'}, {'text': 'direct sums of uniserial modules', 'type': 'uncontrolled'}, {'text': 'composition series', 'type': 'uncontrolled'}]","[{'code': '16D80', 'scheme': 'msc2020', 'text': 'Other classes of modules and ideals in associative algebras'}, {'code': '16D70', 'scheme': 'msc2020', 'text': 'Structure and classification for modules, bimodules and ideals (except as in 16Gxx), direct sum decomposition and cancellation in associative algebras)'}]",0,No doi or fulltext link available
Retracted: On centres of \(h\)-purity in QTAG-modules.,"('Khan, M. Zubair', 'Varshney, Gargi')",6051002,"[{'text': 'finitely generated submodules', 'type': 'uncontrolled'}, {'text': 'homomorphic images', 'type': 'uncontrolled'}, {'text': 'direct sums of uniserial modules', 'type': 'uncontrolled'}, {'text': 'QTAG-modules', 'type': 'uncontrolled'}, {'text': '\\(h\\)-pure submodules', 'type': 'uncontrolled'}, {'text': 'isotype submodules', 'type': 'uncontrolled'}, {'text': '\\(h\\)-neat submodules', 'type': 'uncontrolled'}, {'text': 'pure complemented submodules', 'type': 'uncontrolled'}, {'text': '\\(h\\)-divisible modules', 'type': 'uncontrolled'}]","[{'code': '16D80', 'scheme': 'msc2020', 'text': 'Other classes of modules and ideals in associative algebras'}, {'code': '16D70', 'scheme': 'msc2020', 'text': 'Structure and classification for modules, bimodules and ideals (except as in 16Gxx), direct sum decomposition and cancellation in associative algebras)'}]",1,No doi or fulltext link available
Retracted: On different notions of transitivity for QTAG-modules.,"('Sikander, Fahad', 'Hasan, Ayazul', 'Mehdi, Alveera')",6606797,"[{'text': 'QTAG-modules', 'type': 'uncontrolled'}, {'text': 'direct sums of uniserial modules', 'type': 'uncontrolled'}, {'text': 'weakly transitive modules', 'type': 'uncontrolled'}, {'text': 'fully weakly transitive modules', 'type': 'uncontrolled'}]","[{'code': '16D80', 'scheme': 'msc2020', 'text': 'Other classes of modules and ideals in associative algebras'}, {'code': '16D70', 'scheme': 'msc2020', 'text': 'Structure and classification for modules, bimodules and ideals (except as in 16Gxx), direct sum decomposition and cancellation in associative algebras)'}]",0,['10.5831/HMJ.2016.38.2.259']
Retracted: On semi \(h\)-pure submodules of QTAG-modules.,"('Varshney, Gargi', 'Khan, M. Z.')",6051019,"[{'text': 'QTAG-modules', 'type': 'uncontrolled'}, {'text': 'direct sums of uniserial modules', 'type': 'uncontrolled'}, {'text': 'semi \\(h\\)-pure submodules', 'type': 'uncontrolled'}, {'text': 'kernels of \\(h\\)-purity', 'type': 'uncontrolled'}, {'text': '\\(h\\)-pure hulls', 'type': 'uncontrolled'}, {'text': '\\(h\\)-dense submodules', 'type': 'uncontrolled'}]","[{'code': '16D80', 'scheme': 'msc2020', 'text': 'Other classes of modules and ideals in associative algebras'}, {'code': '16D70', 'scheme': 'msc2020', 'text': 'Structure and classification for modules, bimodules and ideals (except as in 16Gxx), direct sum decomposition and cancellation in associative algebras)'}]",0,No doi or fulltext link available
Retracted: On some QTAG-modules.,"('Mehdi, Alveera',)",6076261,"[{'text': 'QTAG-modules', 'type': 'uncontrolled'}, {'text': 'totally projective modules', 'type': 'uncontrolled'}, {'text': 'nice submodules', 'type': 'uncontrolled'}, {'text': 'extensions of bounded submodules', 'type': 'uncontrolled'}]","[{'code': '16D80', 'scheme': 'msc2020', 'text': 'Other classes of modules and ideals in associative algebras'}]",6,No doi or fulltext link available
Retracted: On strongly socle-regular QTAG-modules.,"('Sikander, Fahad', 'Hasan, Ayazul', 'Begum, Firdhousi')",6432892,"[{'text': 'QTAG-modules', 'type': 'uncontrolled'}, {'text': 'transitive modules', 'type': 'uncontrolled'}, {'text': 'characteristic submodules', 'type': 'uncontrolled'}, {'text': 'socles', 'type': 'uncontrolled'}, {'text': 'socle-regular modules', 'type': 'uncontrolled'}, {'text': 'direct sums of uniserial modules', 'type': 'uncontrolled'}]","[{'code': '16D80', 'scheme': 'msc2020', 'text': 'Other classes of modules and ideals in associative algebras'}, {'code': '16D70', 'scheme': 'msc2020', 'text': 'Structure and classification for modules, bimodules and ideals (except as in 16Gxx), direct sum decomposition and cancellation in associative algebras)'}]",3,No doi or fulltext link available
Retracted: On Ulm support in QTAG-modules.,"('Hasan, Ayazul', 'Sikander, Fahad', 'Begum, Firdhousi')",6432888,"[{'text': 'direct sums of QTAG-modules', 'type': 'uncontrolled'}, {'text': 'fully transitive modules', 'type': 'uncontrolled'}, {'text': 'direct sums of uniserial modules', 'type': 'uncontrolled'}, {'text': 'Ulm supports', 'type': 'uncontrolled'}]","[{'code': '16D80', 'scheme': 'msc2020', 'text': 'Other classes of modules and ideals in associative algebras'}, {'code': '16D70', 'scheme': 'msc2020', 'text': 'Structure and classification for modules, bimodules and ideals (except as in 16Gxx), direct sum decomposition and cancellation in associative algebras)'}]",0,No doi or fulltext link available
Retracted: Small homomorphisms and large submodules of QTAG-modules.,"('Mehdi, Alveera', 'Njai, Sabah A. R. K.', 'Hasan, Ayazul')",6133002,"[{'text': 'QTAG-modules', 'type': 'uncontrolled'}, {'text': 'small homomorphisms', 'type': 'uncontrolled'}, {'text': 'large submodules', 'type': 'uncontrolled'}, {'text': 'fully invariant submodules', 'type': 'uncontrolled'}, {'text': 'direct sums of uniserial modules', 'type': 'uncontrolled'}, {'text': 'Ulm invariants', 'type': 'uncontrolled'}]","[{'code': '16D80', 'scheme': 'msc2020', 'text': 'Other classes of modules and ideals in associative algebras'}, {'code': '16D70', 'scheme': 'msc2020', 'text': 'Structure and classification for modules, bimodules and ideals (except as in 16Gxx), direct sum decomposition and cancellation in associative algebras)'}, {'code': '16W20', 'scheme': 'msc2020', 'text': 'Automorphisms and endomorphisms'}]",5,No doi or fulltext link available
Retracted: Solution of nonlinear Fredholm integro-differential equations using a hybrid of block pulse functions and normalized Bernstein polynomials.,"('Behiry, S. H.',)",6325059,"[{'text': 'nonlinear Fredholm integro-differential equations', 'type': 'uncontrolled'}, {'text': 'hybrid functions', 'type': 'uncontrolled'}, {'text': 'block pulse functions', 'type': 'uncontrolled'}, {'text': 'Bernstein polynomials', 'type': 'uncontrolled'}]","[{'code': '65R20', 'scheme': 'msc2020', 'text': 'Numerical methods for integral equations'}, {'code': '45J05', 'scheme': 'msc2020', 'text': 'Integro-ordinary differential equations'}]",17,['10.1016/j.cam.2013.09.036']
Retracted: Some characterizations of submodules of QTAG-modules.,"('Mehdi, Alveera', 'Sikander, Fahad')",5947840,"[{'text': 'QTAG-modules', 'type': 'uncontrolled'}, {'text': 'finitely generated submodules', 'type': 'uncontrolled'}, {'text': 'direct sums of uniserial modules', 'type': 'uncontrolled'}, {'text': 'pure hulls', 'type': 'uncontrolled'}, {'text': 'pure submodules', 'type': 'uncontrolled'}]","[{'code': '16D80', 'scheme': 'msc2020', 'text': 'Other classes of modules and ideals in associative algebras'}, {'code': '16D70', 'scheme': 'msc2020', 'text': 'Structure and classification for modules, bimodules and ideals (except as in 16Gxx), direct sum decomposition and cancellation in associative algebras)'}, {'code': '16D40', 'scheme': 'msc2020', 'text': 'Free, projective, and flat modules and ideals in associative algebras'}]",1,No doi or fulltext link available
Retracted: Some decomposition theorems on QTAG-module.,"('Zubair Khan, M.', 'Varshney, G.')",6133008,"[{'text': 'QTAG-modules', 'type': 'uncontrolled'}, {'text': 'pure submodules', 'type': 'uncontrolled'}, {'text': 'dense submodules', 'type': 'uncontrolled'}, {'text': 'divisible modules', 'type': 'uncontrolled'}, {'text': 'socles', 'type': 'uncontrolled'}, {'text': 'quasi-essential submodules', 'type': 'uncontrolled'}, {'text': 'cobounded summands', 'type': 'uncontrolled'}, {'text': 'basic submodules', 'type': 'uncontrolled'}]","[{'code': '16D80', 'scheme': 'msc2020', 'text': 'Other classes of modules and ideals in associative algebras'}, {'code': '16D70', 'scheme': 'msc2020', 'text': 'Structure and classification for modules, bimodules and ideals (except as in 16Gxx), direct sum decomposition and cancellation in associative algebras)'}, {'code': '16D40', 'scheme': 'msc2020', 'text': 'Free, projective, and flat modules and ideals in associative algebras'}]",2,No doi or fulltext link available
Retracted: The rational third-kind Chebyshev pseudospectral method for the solution of the Thomas-Fermi equation over infinite interval.,"('Tavassoli Kajani, Majid', 'Kılıçman, Adem', 'Maleki, Mohammad')",6372482,No keywords available,"[{'code': '65L60', 'scheme': 'msc2020', 'text': 'Finite element, Rayleigh-Ritz, Galerkin and collocation methods for ordinary differential equations'}, {'code': '41A55', 'scheme': 'msc2020', 'text': 'Approximate quadratures'}]",2,['10.1155/2013/537810']
Retracted: The stability of Gauss model having one prey two-predators.,"('Farajzadeh, Ali', 'Doust, Mohammad H. R.', 'Haghighifar, F.')",6921286,"[{'text': 'equilibrium point', 'type': 'uncontrolled'}, {'text': 'Gauss model', 'type': 'uncontrolled'}, {'text': 'predator-prey system', 'type': 'uncontrolled'}]","[{'code': '92D25', 'scheme': 'msc2020', 'text': 'Population dynamics (general)'}]",0,No doi or fulltext link available
Retracted: Upper basic and congruent submodules of QTAG-modules.,"('Mehdi, A.', 'Abbasi, M. Y.')",5947864,"[{'text': 'QTAG-modules', 'type': 'uncontrolled'}, {'text': 'finitely generated submodules', 'type': 'uncontrolled'}, {'text': 'direct sums of uniserial modules', 'type': 'uncontrolled'}, {'text': 'minimal generating sets', 'type': 'uncontrolled'}, {'text': 'basic submodules', 'type': 'uncontrolled'}]","[{'code': '16D80', 'scheme': 'msc2020', 'text': 'Other classes of modules and ideals in associative algebras'}, {'code': '16D70', 'scheme': 'msc2020', 'text': 'Structure and classification for modules, bimodules and ideals (except as in 16Gxx), direct sum decomposition and cancellation in associative algebras)'}]",0,No doi or fulltext link available
Retraction notice to: “Partial sums of functions of bounded turning”.,"('Jahangiri, Jay M.', 'Farahmand, K.')",6291935,No keywords available,"[{'code': '30C45', 'scheme': 'msc2020', 'text': 'Special classes of univalent and multivalent functions of one complex variable (starlike, convex, bounded rotation, etc.)'}, {'code': '26D05', 'scheme': 'msc2020', 'text': 'Inequalities for trigonometric functions and polynomials'}]",0,['10.1155/2014/128137']
Service selection of ensuring transactional reliability and QoS for web service composition.,"('Zhang, Guojun', 'Chen, Liping', 'Ha, Weitao')",6173455,No keywords available,"[{'code': '68M12', 'scheme': 'msc2020', 'text': 'Network protocols'}, {'code': '68M11', 'scheme': 'msc2020', 'text': 'Internet topics'}, {'code': '68M10', 'scheme': 'msc2020', 'text': 'Network design and communication in computer systems'}]",1,['10.1155/2012/641361']
Singular vector barotropic ensemble forecast for tropical cyclone track.,"('Sirikantisophon, Thawatchai', 'Sukawat, Dusadee')",5506473,"[{'text': 'singular vector', 'type': 'uncontrolled'}, {'text': 'barotropic model', 'type': 'uncontrolled'}, {'text': 'ensemble prediction system', 'type': 'uncontrolled'}]","[{'code': '86A10', 'scheme': 'msc2020', 'text': 'Meteorology and atmospheric physics'}, {'code': '65Z05', 'scheme': 'msc2020', 'text': 'Applications to the sciences'}, {'code': '15A18', 'scheme': 'msc2020', 'text': 'Eigenvalues, singular values, and eigenvectors'}, {'code': '34A34', 'scheme': 'msc2020', 'text': 'Nonlinear ordinary differential equations and systems'}]",0,No doi or fulltext link available
Some properties of fuzzy quasimetric spaces.,"('Mohamad, Abdul',)",5695251,"[{'text': '\\(\\hat d\\)-complete', 'type': 'uncontrolled'}, {'text': ""Baire's theorem"", 'type': 'uncontrolled', 'text_mathjax': 'Baire&rsquo;s theorem'}, {'text': 'uniform limit', 'type': 'uncontrolled'}, {'text': 'second countability', 'type': 'uncontrolled'}]","[{'code': '54A40', 'scheme': 'msc2020', 'text': 'Fuzzy topology'}]",1,['10.1155/2010/514747']
Stability and global Hopf bifurcation in a delayed predator-prey system.,"('Yuan, Sanling', 'Zhang, Fengqin')",5661692,"[{'text': 'time delay', 'type': 'uncontrolled'}, {'text': 'stability switches', 'type': 'uncontrolled'}, {'text': 'Hopf bifurcation', 'type': 'uncontrolled'}, {'text': 'periodic solutions', 'type': 'uncontrolled'}]","[{'code': '37N25', 'scheme': 'msc2020', 'text': 'Dynamical systems in biology'}, {'code': '34K60', 'scheme': 'msc2020', 'text': 'Qualitative investigation and simulation of models involving functional-differential equations'}, {'code': '34K18', 'scheme': 'msc2020', 'text': 'Bifurcation theory of functional-differential equations'}, {'code': '34K13', 'scheme': 'msc2020', 'text': 'Periodic solutions to functional-differential equations'}, {'code': '92D25', 'scheme': 'msc2020', 'text': 'Population dynamics (general)'}, {'code': '34K17', 'scheme': 'msc2020', 'text': 'Transformation and reduction of functional-differential equations and systems, normal forms'}, {'code': '34K19', 'scheme': 'msc2020', 'text': 'Invariant manifolds of functional-differential equations'}, {'code': '37G40', 'scheme': 'msc2020', 'text': 'Dynamical aspects of symmetries, equivariant bifurcation theory'}]",9,['10.1016/j.nonrwa.2009.01.038']
Stability of the Poiseuille-type flow for a MHD model of an incompressible polymeric fluid.,"('Blokhin, A. M.', 'Tkachev, D. L.')",7167128,"[{'text': 'incompressible viscoelastic polymeric fluid', 'type': 'uncontrolled'}, {'text': 'rheological relation', 'type': 'uncontrolled'}, {'text': 'magnetohydrodynamic flow', 'type': 'uncontrolled'}]","[{'code': '76W05', 'scheme': 'msc2020', 'text': 'Magnetohydrodynamics and electrohydrodynamics'}, {'code': '76T20', 'scheme': 'msc2020', 'text': 'Suspensions'}, {'code': '35P05', 'scheme': 'msc2020', 'text': 'General topics in linear spectral theory for PDEs'}, {'code': '35B35', 'scheme': 'msc2020', 'text': 'Stability in context of PDEs'}, {'code': '35L40', 'scheme': 'msc2020', 'text': 'First-order hyperbolic systems'}]",2,['10.1016/j.euromechflu.2019.12.006']
Stabilizability of infinite-dimensional systems by finite-dimensional controls.,"('Raymond, Jean-Pierre',)",7169915,"[{'text': 'parabolic systems', 'type': 'uncontrolled'}, {'text': 'stabilizability', 'type': 'uncontrolled'}, {'text': 'finite-dimensional controls', 'type': 'uncontrolled'}, {'text': 'Oseen equations', 'type': 'uncontrolled'}, {'text': 'mixed boundary conditions', 'type': 'uncontrolled'}]","[{'code': '93D05', 'scheme': 'msc2020', 'text': 'Lyapunov and other classical stabilities (Lagrange, Poisson, \\(L^p, l^p\\), etc.) in control theory'}, {'code': '93C25', 'scheme': 'msc2020', 'text': 'Control/observation systems in abstract spaces'}, {'code': '93B52', 'scheme': 'msc2020', 'text': 'Feedback control'}, {'code': '93C20', 'scheme': 'msc2020', 'text': 'Control/observation systems governed by partial differential equations'}, {'code': '76D55', 'scheme': 'msc2020', 'text': 'Flow control and optimization for incompressible viscous fluids'}]",4,['10.1515/cmam-2018-0031']
The existence of solution for \(k\)-dimensional system of Langevin Hadamard-type fractional differential inclusions with \(2k\) different fractional orders.,"('Samei, Mohammad Esmael', 'Hedayati, Vahid', 'Khalilzadeh Ranjbar, Ghorban')",7167249,"[{'text': '\\(k\\)-dimensional system', 'type': 'uncontrolled'}, {'text': 'Langevin equation', 'type': 'uncontrolled'}, {'text': 'Hadamard-type fractional differential', 'type': 'uncontrolled'}]","[{'code': '34A08', 'scheme': 'msc2020', 'text': 'Fractional ordinary differential equations'}, {'code': '47N20', 'scheme': 'msc2020', 'text': 'Applications of operator theory to differential and integral equations'}]",4,['10.1007/s00009-019-1471-2']
The method of lower and upper solutions for damped elastic systems in Banach spaces.,"('Gou, Haide', 'Li, Yongxiang')",7315130,"[{'text': 'damped elastic systems', 'type': 'uncontrolled'}, {'text': 'extremal mild solution', 'type': 'uncontrolled'}, {'text': 'method of lower and upper solution', 'type': 'uncontrolled'}, {'text': 'measure of noncompactness', 'type': 'uncontrolled'}]","[{'code': '34G20', 'scheme': 'msc2020', 'text': 'Nonlinear differential equations in abstract spaces'}, {'code': '34K30', 'scheme': 'msc2020', 'text': 'Functional-differential equations in abstract spaces'}, {'code': '35B10', 'scheme': 'msc2020', 'text': 'Periodic solutions to PDEs'}, {'code': '47D06', 'scheme': 'msc2020', 'text': 'One-parameter semigroups and linear evolution equations'}]",0,['10.11948/20180267']
The multi-commodity source location problems and the price of greed.,"('Ito, Hiro', 'Paterson, Mike', 'Sugihara, Kenya')",5554825,"[{'text': 'source location problem', 'type': 'uncontrolled'}, {'text': 'price of greed', 'type': 'uncontrolled'}]","[{'code': '90B80', 'scheme': 'msc2020', 'text': 'Discrete location and assignment'}, {'code': '91A43', 'scheme': 'msc2020', 'text': 'Games involving graphs'}, {'code': '05C70', 'scheme': 'msc2020', 'text': 'Edge subsets with special properties (factorization, matching, partitioning, covering and packing, etc.)'}]",0,['10.7155/jgaa.00176']
Two-dimensional wave equations with fractal boundaries.,"('Ma, Lin Tao', 'Su, Wei Yi')",6235961,"[{'text': 'von Koch type curve', 'type': 'uncontrolled'}, {'text': '\\(p\\)-type derivative', 'type': 'uncontrolled'}, {'text': 'two-dimensional wave equation', 'type': 'uncontrolled'}, {'text': 'fractal boundary', 'type': 'uncontrolled'}, {'text': 'fractal dimension', 'type': 'uncontrolled'}]","[{'code': '35L20', 'scheme': 'msc2020', 'text': 'Initial-boundary value problems for second-order hyperbolic equations'}, {'code': '28A80', 'scheme': 'msc2020', 'text': 'Fractals'}]",0,['10.1007/s10114-013-1764-5']
Two-step iteration scheme for nonexpansive mappings in uniformly convex Banach space.,"('Yadav, M. R.', 'Thakur, B. S.', 'Sharma, A. K.')",6431123,"[{'text': 'two-step iteration process', 'type': 'uncontrolled'}, {'text': 'nonexpansive mappings', 'type': 'uncontrolled'}, {'text': ""condition (A')"", 'type': 'uncontrolled', 'text_mathjax': 'condition (A&rsquo;)'}, {'text': ""Opial's condition"", 'type': 'uncontrolled', 'text_mathjax': 'Opial&rsquo;s condition'}, {'text': 'common fixed point', 'type': 'uncontrolled'}]","[{'code': '47J25', 'scheme': 'msc2020', 'text': 'Iterative procedures involving nonlinear operators'}, {'code': '65J15', 'scheme': 'msc2020', 'text': 'Numerical solutions to equations with nonlinear operators'}]",0,No doi or fulltext link available
Weighted composition operators between weighted Bloch type spaces.,"('Wolf, Elke',)",6734838,No keywords available,"[{'code': '47B33', 'scheme': 'msc2020', 'text': 'Linear composition operators'}, {'code': '30H30', 'scheme': 'msc2020', 'text': 'Bloch spaces'}, {'code': '47B38', 'scheme': 'msc2020', 'text': 'Linear operators on function spaces (general)'}]",2,No doi or fulltext link available
Profinite completions and continuous extensions of morphisms between free groups and their profinite completions.,"('Lonza, Katija',)",5666369,"[{""text"" : ""pseudovarieties of finite groups"",""type"" : ""uncontrolled""},{""text"" : ""free groups"",""type"" : ""uncontrolled""},{""text"" : ""profinite topologies"",""type"":""uncontrolled""},{ ""text"" : ""profinite groups"",""type"" : ""uncontrolled""},{""text"" : ""profinite completions"", ""type"" : ""uncontrolled""}]","[{""code"" : ""20E18"",""scheme"" : ""msc2020"",""text"" : ""Limits, profinite groups""},{""code"" : ""20E05"",""scheme"" : ""msc2020"",""text"" : ""Free nonabelian groups""},{""code"" : ""20E36"",""scheme"" : ""msc2020"",""text"" : ""Automorphisms of infinite groups""}]",0,"['https://www.anubih.ba/Journals/vol.5,no-2,y09/04revLonza.pdf']"
Jacobi spectral solution for weakly singular integral algebraic equations of index 1.,"('Zhao, Jingjun', 'Wang, Shiying')",1343.6515,No keywords available,"[{'code': '90B80', 'scheme': 'msc2020', 'text': 'Discrete location and assignment'}, {'code': '91A43', 'scheme': 'msc2020', 'text': 'Games involving graphs'}, {'code': '05C70', 'scheme': 'msc2020', 'text': 'Edge subsets with special properties (factorization, matching, partitioning, covering and packing, etc.)'}]",4,https://doi.org/10.1186/1687-1847-2014-165
Fracture analysis using an enriched meshless method.,"('Hildebrand, G.',)",1258.7421,No keywords available,"[{'code': '54A40', 'scheme': 'msc2020', 'text': 'Fuzzy topology'}]",5,https://doi.org/10.1007/s11012-008-9189-4
Structural and numerical studies of some topological properties for Alexandroff spaces.,"('Lazaar, Sami', 'Sabri, Houssem', 'Tahri, Randa')",1498.54029,No keywords available,"[{'code': '16D80', 'scheme': 'msc2020', 'text': 'Other classes of modules and ideals in associative algebras'}]",2,https://doi.org/10.1007/s41980-021-00599-3
A Liouville theorem for nonlocal equations in the Heisenberg group.,"('Cinti, Eleonora',)",1330.3549,No keywords available,"[{'code': '34B37', 'scheme': 'msc2020', 'text': 'Boundary value problems with impulses for ordinary differential equations'}, {'code': '34C25', 'scheme': 'msc2020', 'text': 'Periodic solutions to ordinary differential equations'}]",1,https://mathematicalanalysis.unibo.it/article/view/5289/5028
Approach theory meets probability theory.,"('Berckmoes, B.', 'Lowen, R.', 'Van Casteren, J.')",1213.6002,No keywords available,"[{'code': '35J70', 'scheme': 'msc2020', 'text': 'Degenerate elliptic equations'}, {'code': '35J62', 'scheme': 'msc2020', 'text': 'Quasilinear elliptic equations'}, {'code': '35D30', 'scheme': 'msc2020', 'text': 'Weak solutions to PDEs'}]",3,https://doi.org/10.1016/j.topol.2011.01.004
Retracted article: On the fourth power mean of the two-term exponential sums.,"('Zhu, Minhui', 'Han, Di')",1343.1107,No keywords available,"[{'code': '47J22', 'scheme': 'msc2020', 'text': 'Variational and other types of inclusions'}, {'code': '47H10', 'scheme': 'msc2020', 'text': 'Fixed-point theorems'}]",0,https://doi.org/10.1186/1029-242X-2014-116
Retracted article: â€œSplit Malcev-Poisson-Jordan algebrasâ€.,"('Barreiro, Elisabete', 'SÃ¡nchez, JosÃ© M.')",1498.17008,No keywords available,"[{'code': '16D80', 'scheme': 'msc2020', 'text': 'Other classes of modules and ideals in associative algebras'}, {'code': '16D70', 'scheme': 'msc2020', 'text': 'Structure and classification for modules, bimodules and ideals (except as in 16Gxx), direct sum decomposition and cancellation in associative algebras)'}, {'code': '16W20', 'scheme': 'msc2020', 'text': 'Automorphisms and endomorphisms'}]",1,https://arxiv.org/abs/2206.05547
The maximal operator on generalized Orlicz spaces,"('Hasto, Peter')",NA,No keywords available,"[{'code': '34K35', 'scheme': 'msc2020', 'text': 'Control problems for functional-differential equations'}, {'code': '34K06', 'scheme': 'msc2020', 'text': 'Linear functional-differential equations'}, {'code': '93C23', 'scheme': 'msc2020', 'text': 'Control/observation systems governed by functional-differential equations'}]",2,No doi or fulltext link available